{
    "prepare_queue": {
        "installed": [],
        "uninstalled": []
    },
    "config_munge": {
        "files": {
            "res/xml/config.xml": {
                "parents": {
                    "/*": [
                        {
                            "xml": "<feature name=\"Keyboard\"><param name=\"android-package\" value=\"io.ionic.keyboard.IonicKeyboard\" /><param name=\"onload\" value=\"true\" /></feature>",
                            "count": 1
                        },
                        {
                            "xml": "<feature name=\"Whitelist\"><param name=\"android-package\" value=\"org.apache.cordova.whitelist.WhitelistPlugin\" /><param name=\"onload\" value=\"true\" /></feature>",
                            "count": 1
                        },
                        {
                            "xml": "<feature name=\"StatusBar\"><param name=\"android-package\" value=\"org.apache.cordova.statusbar.StatusBar\" /><param name=\"onload\" value=\"true\" /></feature>",
                            "count": 1
                        },
                        {
                            "xml": "<feature name=\"Device\"><param name=\"android-package\" value=\"org.apache.cordova.device.Device\" /></feature>",
                            "count": 1
                        },
                        {
                            "xml": "<feature name=\"SplashScreen\"><param name=\"android-package\" value=\"org.apache.cordova.splashscreen.SplashScreen\" /><param name=\"onload\" value=\"true\" /></feature>",
                            "count": 1
                        },
                        {
                            "xml": "<feature name=\"SQLitePlugin\"><param name=\"android-package\" value=\"io.sqlc.SQLitePlugin\" /></feature>",
                            "count": 1
                        }
                    ]
                }
            },
            "AndroidManifest.xml": {
                "parents": {
                    "/*": [],
                    "/manifest/application": []
                }
            }
        }
    },
    "installed_plugins": {
        "ionic-plugin-keyboard": {
            "PACKAGE_NAME": "io.ionic.starter"
        },
        "cordova-plugin-whitelist": {
            "PACKAGE_NAME": "io.ionic.starter"
        },
        "cordova-plugin-console": {
            "PACKAGE_NAME": "io.ionic.starter"
        },
        "cordova-plugin-statusbar": {
            "PACKAGE_NAME": "io.ionic.starter"
        },
        "cordova-plugin-device": {
            "PACKAGE_NAME": "io.ionic.starter"
        },
        "cordova-plugin-splashscreen": {
            "PACKAGE_NAME": "io.ionic.starter"
        },
        "cordova-sqlite-storage": {
            "PACKAGE_NAME": "io.ionic.starter"
        },
        "com.scuhmz.cordova.ShareSDK": {
            "WECHATAPPID": "wxeaf322442cc5829a",
            "SHARESDKAPPID": "1d8656d021880",
            "WECHATAPPSECRET": "8c85acd740e98fb3a98d5a82b3e68a46",
            "PACKAGE_NAME": "io.ionic.starter"
        }
    },
    "dependent_plugins": {},
    "modules": [
        {
            "id": "ionic-plugin-keyboard.keyboard",
            "file": "plugins/ionic-plugin-keyboard/www/android/keyboard.js",
            "pluginId": "ionic-plugin-keyboard",
            "clobbers": [
                "cordova.plugins.Keyboard"
            ],
            "runs": true
        },
        {
            "id": "cordova-plugin-statusbar.statusbar",
            "file": "plugins/cordova-plugin-statusbar/www/statusbar.js",
            "pluginId": "cordova-plugin-statusbar",
            "clobbers": [
                "window.StatusBar"
            ]
        },
        {
            "id": "cordova-plugin-device.device",
            "file": "plugins/cordova-plugin-device/www/device.js",
            "pluginId": "cordova-plugin-device",
            "clobbers": [
                "device"
            ]
        },
        {
            "id": "cordova-plugin-splashscreen.SplashScreen",
            "file": "plugins/cordova-plugin-splashscreen/www/splashscreen.js",
            "pluginId": "cordova-plugin-splashscreen",
            "clobbers": [
                "navigator.splashscreen"
            ]
        },
        {
            "id": "cordova-sqlite-storage.SQLitePlugin",
            "file": "plugins/cordova-sqlite-storage/www/SQLitePlugin.js",
            "pluginId": "cordova-sqlite-storage",
            "clobbers": [
                "SQLitePlugin"
            ]
        },
        {
            "id": "com.scuhmz.cordova.ShareSDK.ShareSDK",
            "file": "plugins/com.scuhmz.cordova.ShareSDK/www/sharesdk.js",
            "pluginId": "com.scuhmz.cordova.ShareSDK",
            "clobbers": [
                "ShareSDK"
            ]
        }
    ],
    "plugin_metadata": {
        "ionic-plugin-keyboard": "2.2.1",
        "cordova-plugin-whitelist": "1.3.1",
        "cordova-plugin-console": "1.0.5",
        "cordova-plugin-statusbar": "2.2.1",
        "cordova-plugin-device": "1.1.4",
        "cordova-plugin-splashscreen": "4.0.2",
        "cordova-sqlite-storage": "2.0.2",
        "com.scuhmz.cordova.ShareSDK": "0.0.1"
    }
}